SCTID_1;FSN_1;Semantic_Tag_1;SCTID_2;FSN_2;Semantic_Tag_2;SCTID_3;FSN_3;Semantic_Tag_3
424144002;Current chronological age;observable_entity;;;;;;
309370004;Consent status;finding;;;;;;
424144002;Current chronological age;observable_entity;;;;;;
263495000;Gender;observable_entity;;;;;;
264362003;Home;environment;;;;;;
264362004;Home;environment;;;;;;
264362005;Home;environment;;;;;;
288520005;City environment;environment;;;;;;
416647007;Country of residence;observable_entity;;;;;;
433178008;City of residence;observable_entity;;;;;;
365458004;Education and/or schooling finding;finding;;;;;;
14679004;Occupation;occupation;;;;;;
14679005;Occupation;occupation;;;;;;
224168007;Household income;observable_entity;;;;;;
224083007;Marital or partnership status;observable_entity;;;;;;
224130005;Household composition;observable_entity;;;;;;
224130006;Household composition;observable_entity;;;;;;
363871014;Mental state;observable_entity;;;;;;
363871015;Mental state;observable_entity;;;;;;
363871016;Mental state;observable_entity;;;;;;
840533007;Severe acute respiratory syndrome coronavirus 2;organism;;;;;;
840533008;Severe acute respiratory syndrome coronavirus 2;organism;;;;;;
840533009;Severe acute respiratory syndrome coronavirus 2;organism;;;;;;
840533010;Severe acute respiratory syndrome coronavirus 2;organism;;;;;;
840533011;Severe acute respiratory syndrome coronavirus 2;organism;;;;;;
840533011;Severe acute respiratory syndrome coronavirus 2;organism;;;;;;
840533012;Severe acute respiratory syndrome coronavirus 2;organism;;;;;;
385888009;History taking, mental health;procedure;;;;;;
385888010;History taking, mental health;procedure;;;;;;
385888011;History taking, mental health;procedure;;;;;;
385888012;History taking, mental health;procedure;;;;;;
385888013;History taking, mental health;procedure;;;;;;
385888014;History taking, mental health;procedure;;;;;;
385888015;History taking, mental health;procedure;;;;;;
385888016;History taking, mental health;procedure;;;;;;
385888017;History taking, mental health;procedure;;;;;;
385888018;History taking, mental health;procedure;;;;;;
385888019;History taking, mental health;procedure;;;;;;
385888020;History taking, mental health;procedure;;;;;;
385888021;History taking, mental health;procedure;;;;;;
405076007;Social support status;observable_entity;;;;;;
405076008;Social support status;observable_entity;;;;;;
405076009;Social support status;observable_entity;;;;;;
405076010;Social support status;observable_entity;;;;;;
405076011;Social support status;observable_entity;;;;;;
405076012;Social support status;observable_entity;;;;;;
405076013;Social support status;observable_entity;;;;;;
405076014;Social support status;observable_entity;;;;;;
74303009;Personality assessment;procedure;;;;;;
74303010;Personality assessment;procedure;;;;;;
74303011;Personality assessment;procedure;;;;;;
74303012;Personality assessment;procedure;;;;;;
74303013;Personality assessment;procedure;;;;;;
74303014;Personality assessment;procedure;;;;;;
74303015;Personality assessment;procedure;;;;;;
74303016;Personality assessment;procedure;;;;;;
74303017;Personality assessment;procedure;;;;;;
74303018;Personality assessment;procedure;;;;;;
74303019;Personality assessment;procedure;;;;;;
74303020;Personality assessment;procedure;;;;;;
74303021;Personality assessment;procedure;;;;;;
74303022;Personality assessment;procedure;;;;;;
74303023;Personality assessment;procedure;;;;;;
74303024;Personality assessment;procedure;;;;;;
74303025;Personality assessment;procedure;;;;;;
74303026;Personality assessment;procedure;;;;;;
74303027;Personality assessment;procedure;;;;;;
74303028;Personality assessment;procedure;;;;;;
74303029;Personality assessment;procedure;;;;;;
74303030;Personality assessment;procedure;;;;;;
405056001;Coping behavior;observable_entity;;;;;;
405056002;Coping behavior;observable_entity;;;;;;
405056003;Coping behavior;observable_entity;;;;;;
405056004;Coping behavior;observable_entity;;;;;;
405056005;Coping behavior;observable_entity;;;;;;
405056006;Coping behavior;observable_entity;;;;;;
405056007;Coping behavior;observable_entity;;;;;;
405056008;Coping behavior;observable_entity;;;;;;
405056009;Coping behavior;observable_entity;;;;;;
405056010;Coping behavior;observable_entity;;;;;;
405056011;Coping behavior;observable_entity;;;;;;
405056012;Coping behavior;observable_entity;;;;;;
840533007;Severe acute respiratory syndrome coronavirus 2;organism;;;;;;
840533008;Severe acute respiratory syndrome coronavirus 2;organism;;;;;;
840533009;Severe acute respiratory syndrome coronavirus 2;organism;;;;;;
840533010;Severe acute respiratory syndrome coronavirus 2;organism;;;;;;
840533011;Severe acute respiratory syndrome coronavirus 2;organism;;;;;;
840533012;Severe acute respiratory syndrome coronavirus 2;organism;;;;;;
840533013;Severe acute respiratory syndrome coronavirus 2;organism;;;;;;
385819005;Infection control assessment;procedure;;;;;;
385819006;Infection control assessment;procedure;;;;;;
385819007;Infection control assessment;procedure;;;;;;
385819008;Infection control assessment;procedure;;;;;;
385819009;Infection control assessment;procedure;;;;;;
385819010;Infection control assessment;procedure;;;;;;
385819011;Infection control assessment;procedure;;;;;;
385819012;Infection control assessment;procedure;;;;;;
385819013;Infection control assessment;procedure;;;;;;
385819014;Infection control assessment;procedure;;;;;;
385819015;Infection control assessment;procedure;;;;;;
405076007;Social support status;observable_entity;;;;;;
405076008;Social support status;observable_entity;;;;;;
405076008;Social support status;observable_entity;;;;;;
385819019;Infection control assessment;procedure;;;;;;
385819020;Infection control assessment;procedure;;;;;;
385819021;Infection control assessment;procedure;;;;;;
385819022;Infection control assessment;procedure;;;;;;
385819023;Infection control assessment;procedure;;;;;;
385819024;Infection control assessment;procedure;;;;;;
385819025;Infection control assessment;procedure;;;;;;
385819026;Infection control assessment;procedure;;;;;;
385819027;Infection control assessment;procedure;;;;;;
840533013;Severe acute respiratory syndrome coronavirus 2;organism;;;;;;
272379006;Event;event;;;;;;
15863006;Conflict;finding;;;;;;
160932005;Financial problem;finding;;;;;;
278844005;General clinical state;observable_entity;;;;;;
363871014;Mental state;observable_entity;;;;;;
272379006;Event;event;;;;;;
272379007;Event;event;;;;;;
272379008;Event;event;;;;;;
15863006;Conflict;finding;;;;;;
272379008;Event;event;;;;;;
272379009;Event;event;;;;;;
840533013;Severe acute respiratory syndrome coronavirus 2;organism;;;;;;
840533014;Severe acute respiratory syndrome coronavirus 2;organism;;;;;;
;;;133936004;Adult;person;;;
;;;186034007;Ethnicity / related nationality data;observable_entity;;;
;;;416647007;Country of residence;observable_entity;;;
;;;397635003;Address;observable_entity;;;
;;;224288002;Duration of formal education;observable_entity;;;
;;;224951007;Mature personality;finding;;;
;;;74732009;Mental disorder;disorder;;;
;;;74732010;Mental disorder;disorder;;;
;;;281694009;Finding of at risk;finding;;;
;;;871562009;Detection of Severe acute respiratory syndrome coronavirus 2;observable_entity;;;
;;;871562010;Detection of Severe acute respiratory syndrome coronavirus 2;observable_entity;;;
;;;840539006;Disease caused by Severe acute respiratory syndrome coronavirus 2;disorder;;;
;;;77248004;Infection control procedure;procedure;;;
;;;385821000;Infection control management;procedure;;;
;;;385821001;Infection control management;procedure;;;
;;;130989002;Sleep deprivation;finding;;;
;;;73595000;Stress;finding;;;
;;;82742001;Concentration, function;observable_entity;;;
;;;225510008;Self-image;observable_entity;;;
;;;247581008;Problem solving;observable_entity;;;
;;;413383002;Ability to make decisions;observable_entity;;;
;;;247581008;Problem solving;observable_entity;;;
;;;112080002;Cheerful mood;finding;;;
;;;247794008;Enjoyment of life;observable_entity;;;
;;;420038007;Feeling unhappy;finding;;;
;;;225510008;Self-image;observable_entity;;;
;;;225510009;Self-image;observable_entity;;;
;;;64572001;Disease;disorder;;;
;;;420038007;Feeling unhappy;finding;;;
;;;288545008;Showing emotion;finding;;;
;;;365926000;Finding of problem solving;finding;;;
;;;365564006;Social group finding;finding;;;
;;;365564007;Social group finding;finding;;;
;;;288545008;Showing emotion;finding;;;
;;;840533007;Severe acute respiratory syndrome coronavirus 2;organism;;;
;;;286744001;Character trait finding of level of optimism;finding;;;
;;;286819004;Character trait finding of self-sufficiency;finding;;;
;;;286819005;Character trait finding of self-sufficiency;finding;;;
;;;286739008;Character trait finding of task completion;finding;;;
;;;286735002;Character trait finding of affective stability;finding;;;
;;;286735003;Character trait finding of affective stability;finding;;;
;;;286735004;Character trait finding of affective stability;finding;;;
;;;286735005;Character trait finding of affective stability;finding;;;
;;;286735006;Character trait finding of affective stability;finding;;;
;;;286735007;Character trait finding of affective stability;finding;;;
;;;286709003;Character trait finding of level of anxiety;finding;;;
;;;286709004;Character trait finding of level of anxiety;finding;;;
;;;405076012;Social support status;observable_entity;;;
;;;247791000;Expression of emotions;observable_entity;;;
;;;405076012;Social support status;observable_entity;;;
;;;286758004;Character trait finding of personal organization;finding;;;
;;;405076012;Social support status;observable_entity;;;
;;;288802005;Does use humor;finding;;;
;;;247791000;Expression of emotions;observable_entity;;;
;;;405076012;Social support status;observable_entity;;;
;;;286758004;Character trait finding of personal organization;finding;;;
;;;288802005;Does use humor;finding;;;
;;;225029009;Acceptance stage of grief;finding;;;
;;;225031000;Denial stage of grief;finding;;;
;;;225029009;Acceptance stage of grief;finding;;;
;;;225029009;Acceptance stage of grief;finding;;;
;;;225027006;Reflecting stage of grief;finding;;;
;;;225029009;Acceptance stage of grief;finding;;;
;;;225027006;Reflecting stage of grief;finding;;;
;;;225031000;Denial stage of grief;finding;;;
;;;225027006;Reflecting stage of grief;finding;;;
;;;225027006;Reflecting stage of grief;finding;;;
;;;225027006;Reflecting stage of grief;finding;;;
;;;225027007;Reflecting stage of grief;finding;;;
;;;286744001;Character trait finding of level of optimism;finding;;;
;;;286744001;Character trait finding of level of optimism;finding;;;
;;;840539006;Disease caused by Severe acute respiratory syndrome coronavirus 2;disorder;;;
;;;840539007;Disease caused by Severe acute respiratory syndrome coronavirus 2;disorder;;;
;;;840539008;Disease caused by Severe acute respiratory syndrome coronavirus 2;disorder;;;
;;;840539009;Disease caused by Severe acute respiratory syndrome coronavirus 2;disorder;;;
;;;840539010;Disease caused by Severe acute respiratory syndrome coronavirus 2;disorder;;;
;;;423797009;Inadequate healthcare provision;finding;;;
;;;105524003;Disturbance in life pattern associated with travel;finding;;;
;;;105524004;Disturbance in life pattern associated with travel;finding;;;
;;;422650009;Social isolation;finding;;;
;;;422650010;Social isolation;finding;;;
;;;422650011;Social isolation;finding;;;
;;;422650012;Social isolation;finding;;;
;;;303071001;Person in the family;person;;;
;;;303071002;Person in the family;person;;;
;;;129025006;Activity of daily living;observable_entity;;;
;;;256235009;Exercise;observable_entity;;;
;;;408992000;Child care management;procedure;;;
;;;408992001;Child care management;procedure;;;
;;;15863006;Conflict;finding;;;
;;;105524004;Disturbance in life pattern associated with travel;finding;;;
;;;160932005;Financial problem;finding;;;
;;;737352000;Difficulty with performing work activities;finding;;;
;;;737352000;Difficulty with performing work activities;finding;;;
;;;105524004;Disturbance in life pattern associated with travel;finding;;;
;;;266956001;Loss of job;finding;;;
;;;266956002;Loss of job;finding;;;
;;;286424008;Unable to cater for self;finding;;;
;;;286424009;Unable to cater for self;finding;;;
;;;223458004;Informing;procedure;;;
;;;64572001;Disease;disorder;;;
;;;74732009;Mental disorder;disorder;;;
;;;35359004;Family;social_concept;;;
;;;301705009;Occupation and employment activity;observable_entity;;;
;;;276339004;Environment;environment;;;
;;;160788005;Marital separation, life event;finding;;;
;;;419099009;Dead;finding;;;
;;;55607006;Problem;finding;;;
;;;243114000;Support;regime/therapy;;;
;;;;;;225504008;High self-esteem;finding
;;;;;;704373005;Lack of trust;finding
;;;;;;247892001;Self-depreciation;finding
;;;;;;133921002;Emotional support;regime/therapy
;;;;;;385722003;Coping support;regime/therapy
;;;;;;133921002;Emotional support;regime/therapy
;;;;;;385722003;Coping support;regime/therapy
;;;;;;281694009;Finding of at risk;finding
;;;;;;281694010;Finding of at risk;finding
;;;;;;281694011;Finding of at risk;finding
;;;;;;272379006;Event;event
;;;;;;421175005;Restriction of visitors;regime/therapy
;;;;;;421175006;Restriction of visitors;regime/therapy
;;;;;;265981008;Security/protective services;occupation
;;;;;;223366009;Healthcare professional;occupation
;;;;;;737352000;Difficulty with performing work activities;finding
263495000;Gender;observable_entity;;;;;;
424144002;Current chronological age;observable_entity;;;;;;
125680007;Marital status;observable_entity;;;;;;
40683002;Parent;person;;;;;;
276031006;Details of education;observable_entity;;;;;;
264362003;Home;environment;;;;;;
264362004;Home;environment;;;;;;
264362005;Home;environment;;;;;;
264362006;Home;environment;;;;;;
264362007;Home;environment;;;;;;
264362008;Home;environment;;;;;;
264362009;Home;environment;;;;;;
264362010;Home;environment;;;;;;
264362011;Home;environment;;;;;;
264362012;Home;environment;;;;;;
264362013;Home;environment;;;;;;
264362014;Home;environment;;;;;;
264362015;Home;environment;;;;;;
264362016;Home;environment;;;;;;
264362017;Home;environment;;;;;;
264362018;Home;environment;;;;;;
264362019;Home;environment;;;;;;
264362020;Home;environment;;;;;;
264362021;Home;environment;;;;;;
264362022;Home;environment;;;;;;
64572001;Disease;disorder;;;;;;
14679004;Occupation;occupation;;;;;;
309343006;Physician;occupation;;;;;;
309343007;Physician;occupation;;;;;;
158965000;Medical practitioner;occupation;;;;;;
158965001;Medical practitioner;occupation;;;;;;
14406004;Policeman;occupation;;;;;;
386053000;Evaluation procedure;procedure;;;;;;
386053001;Evaluation procedure;procedure;;;;;;
386053002;Evaluation procedure;procedure;;;;;;
386053003;Evaluation procedure;procedure;;;;;;
386053004;Evaluation procedure;procedure;;;;;;
386053005;Evaluation procedure;procedure;;;;;;
386053006;Evaluation procedure;procedure;;;;;;
386053007;Evaluation procedure;procedure;;;;;;
386053008;Evaluation procedure;procedure;;;;;;
386053009;Evaluation procedure;procedure;;;;;;
386053010;Evaluation procedure;procedure;;;;;;
386053011;Evaluation procedure;procedure;;;;;;
386053012;Evaluation procedure;procedure;;;;;;
223458032;Informing;procedure;;;;;;
223458033;Informing;procedure;;;;;;
223458034;Informing;procedure;;;;;;
223458035;Informing;procedure;;;;;;
223458036;Informing;procedure;;;;;;
223458037;Informing;procedure;;;;;;
223458038;Informing;procedure;;;;;;
223458039;Informing;procedure;;;;;;
386053011;Evaluation procedure;procedure;;;;;;
386053012;Evaluation procedure;procedure;;;;;;
386053013;Evaluation procedure;procedure;;;;;;
386053014;Evaluation procedure;procedure;;;;;;
386053015;Evaluation procedure;procedure;;;;;;
386053016;Evaluation procedure;procedure;;;;;;
386053017;Evaluation procedure;procedure;;;;;;
386053018;Evaluation procedure;procedure;;;;;;
386053019;Evaluation procedure;procedure;;;;;;
386053020;Evaluation procedure;procedure;;;;;;
386053021;Evaluation procedure;procedure;;;;;;
386053022;Evaluation procedure;procedure;;;;;;
386053023;Evaluation procedure;procedure;;;;;;
386053013;Evaluation procedure;procedure;;;;;;
386053014;Evaluation procedure;procedure;;;;;;
386053015;Evaluation procedure;procedure;;;;;;
386053016;Evaluation procedure;procedure;;;;;;
710841008;Assessment of anxiety;procedure;;;;;;
710841009;Assessment of anxiety;procedure;;;;;;
710841010;Assessment of anxiety;procedure;;;;;;
710841011;Assessment of anxiety;procedure;;;;;;
710841012;Assessment of anxiety;procedure;;;;;;
710841013;Assessment of anxiety;procedure;;;;;;
710841014;Assessment of anxiety;procedure;;;;;;
710841015;Assessment of anxiety;procedure;;;;;;
710841016;Assessment of anxiety;procedure;;;;;;
710841017;Assessment of anxiety;procedure;;;;;;
710841018;Assessment of anxiety;procedure;;;;;;
710841019;Assessment of anxiety;procedure;;;;;;
710841020;Assessment of anxiety;procedure;;;;;;
710841021;Assessment of anxiety;procedure;;;;;;
386053013;Evaluation procedure;procedure;;;;;;
386053014;Evaluation procedure;procedure;;;;;;
386053015;Evaluation procedure;procedure;;;;;;
386053016;Evaluation procedure;procedure;;;;;;
386053017;Evaluation procedure;procedure;;;;;;
386053018;Evaluation procedure;procedure;;;;;;
386053019;Evaluation procedure;procedure;;;;;;
386053020;Evaluation procedure;procedure;;;;;;
386053021;Evaluation procedure;procedure;;;;;;
386053022;Evaluation procedure;procedure;;;;;;
386053023;Evaluation procedure;procedure;;;;;;
386053024;Evaluation procedure;procedure;;;;;;
;;;223725007;Part of country;geographic_location;;;
;;;223725008;Part of country;geographic_location;;;
;;;223725009;Part of country;geographic_location;;;
;;;223725010;Part of country;geographic_location;;;
;;;223725011;Part of country;geographic_location;;;
;;;223725012;Part of country;geographic_location;;;
;;;223725013;Part of country;geographic_location;;;
;;;223725014;Part of country;geographic_location;;;
;;;223725015;Part of country;geographic_location;;;
;;;223725016;Part of country;geographic_location;;;
;;;223725017;Part of country;geographic_location;;;
;;;223725018;Part of country;geographic_location;;;
;;;223725019;Part of country;geographic_location;;;
;;;223725020;Part of country;geographic_location;;;
;;;223725021;Part of country;geographic_location;;;
;;;223725022;Part of country;geographic_location;;;
;;;223369002;Country;geographic_location;;;
;;;223369003;Country;geographic_location;;;
;;;223369004;Country;geographic_location;;;
;;;223369005;Country;geographic_location;;;
;;;840533007;Severe acute respiratory syndrome coronavirus 2;organism;;;
;;;840533008;Severe acute respiratory syndrome coronavirus 2;organism;;;
;;;840533009;Severe acute respiratory syndrome coronavirus 2;organism;;;
;;;840533010;Severe acute respiratory syndrome coronavirus 2;organism;;;
;;;840533011;Severe acute respiratory syndrome coronavirus 2;organism;;;
;;;840533012;Severe acute respiratory syndrome coronavirus 2;organism;;;
;;;840533013;Severe acute respiratory syndrome coronavirus 2;organism;;;
;;;840533014;Severe acute respiratory syndrome coronavirus 2;organism;;;
;;;840533015;Severe acute respiratory syndrome coronavirus 2;organism;;;
;;;840533016;Severe acute respiratory syndrome coronavirus 2;organism;;;
;;;840533017;Severe acute respiratory syndrome coronavirus 2;organism;;;
;;;840533018;Severe acute respiratory syndrome coronavirus 2;organism;;;
;;;840533019;Severe acute respiratory syndrome coronavirus 2;organism;;;
;;;840533019;Severe acute respiratory syndrome coronavirus 2;organism;;;
;;;840533020;Severe acute respiratory syndrome coronavirus 2;organism;;;
;;;840533021;Severe acute respiratory syndrome coronavirus 2;organism;;;
;;;840533022;Severe acute respiratory syndrome coronavirus 2;organism;;;
;;;840533023;Severe acute respiratory syndrome coronavirus 2;organism;;;
;;;840533024;Severe acute respiratory syndrome coronavirus 2;organism;;;
;;;840533025;Severe acute respiratory syndrome coronavirus 2;organism;;;
;;;840533026;Severe acute respiratory syndrome coronavirus 2;organism;;;
;;;840533027;Severe acute respiratory syndrome coronavirus 2;organism;;;
;;;71565002;Personality, function;observable_entity;;;
;;;71565003;Personality, function;observable_entity;;;
;;;71565004;Personality, function;observable_entity;;;
;;;71565005;Personality, function;observable_entity;;;
;;;71565002;Personality, function;observable_entity;;;
;;;71565002;Personality, function;observable_entity;;;
;;;365275006;General well-being finding;finding;;;
;;;840533019;Severe acute respiratory syndrome coronavirus 2;organism;;;
;;;365854008;History finding;finding;;;
;;;365854008;History finding;finding;;;
;;;365854008;History finding;finding;;;
;;;365854008;History finding;finding;;;
;;;365854008;History finding;finding;;;
;;;365854008;History finding;finding;;;
;;;365854008;History finding;finding;;;
;;;365854008;History finding;finding;;;
;;;365854008;History finding;finding;;;
;;;365854008;History finding;finding;;;
;;;365854008;History finding;finding;;;
;;;365854008;History finding;finding;;;
;;;365854008;History finding;finding;;;
;;;365854008;History finding;finding;;;
;;;365854008;History finding;finding;;;
;;;840533019;Severe acute respiratory syndrome coronavirus 2;organism;;;
;;;71565002;Personality, function;observable_entity;;;
;;;71565003;Personality, function;observable_entity;;;
;;;71565004;Personality, function;observable_entity;;;
;;;71565005;Personality, function;observable_entity;;;
;;;71565006;Personality, function;observable_entity;;;
;;;71565002;Personality, function;observable_entity;;;
;;;71565003;Personality, function;observable_entity;;;
;;;71565004;Personality, function;observable_entity;;;
;;;71565005;Personality, function;observable_entity;;;
;;;71565006;Personality, function;observable_entity;;;
;;;;;;225795001;Is informed;finding
;;;;;;225795002;Is informed;finding
;;;;;;225795003;Is informed;finding
;;;;;;704963003;Adequate infection control measures;finding
;;;;;;704963004;Adequate infection control measures;finding
;;;;;;704963005;Adequate infection control measures;finding
;;;;;;424133005;Inadequate infection control measures;finding
;;;;;;79015004;Worried;finding
;;;;;;702547000;Exposure to coronavirus infection;event
;;;;;;840539006;Disease caused by Severe acute respiratory syndrome coronavirus 2;disorder
;;;;;;840539007;Disease caused by Severe acute respiratory syndrome coronavirus 2;disorder
;;;;;;419620001;Death;event
;;;;;;702547004;Exposure to coronavirus infection;event
;;;;;;258154008;Washing hands, function;observable_entity
;;;;;;2541004;Compulsive buying;finding
;;;;;;2541005;Compulsive buying;finding
;;;;;;2541006;Compulsive buying;finding
;;;;;;2541007;Compulsive buying;finding
;;;;;;422650009;Social isolation;finding
;;;;;;422650010;Social isolation;finding
;;;;;;129018004;Traveling;observable_entity
;;;;;;286747008;Level of egocentricity;observable_entity
;;;;;;286819004;Character trait finding of self-sufficiency;finding
;;;;;;286819005;Character trait finding of self-sufficiency;finding
;;;;;;286819006;Character trait finding of self-sufficiency;finding
;;;;;;286744001;Character trait finding of level of optimism;finding
;;;;;;286819006;Character trait finding of self-sufficiency;finding
;;;;;;286819007;Character trait finding of self-sufficiency;finding
;;;;;;365854008;History finding;finding
;;;;;;405052004;Level of stress;observable_entity
;;;;;;365854008;History finding;finding
;;;;;;365409001;Finding of level of extraversion;finding
;;;;;;286744001;Character trait finding of level of optimism;finding
;;;;;;286709003;Character trait finding of level of anxiety;finding
;;;;;;286709003;Character trait finding of level of anxiety;finding
;;;;;;365372007;Finding related to ability to perform creative activity;finding
;;;;;;365409001;Finding of level of extraversion;finding
;;;;;;286845008;Tends to be critical of others;finding
;;;;;;286739008;Character trait finding of task completion;finding
;;;;;;286709003;Character trait finding of level of anxiety;finding
;;;;;;365372007;Finding related to ability to perform creative activity;finding
429019009;Finding related to biological sex;finding;;;;;;
372148003;Ethnic group;ethnic_group;;;;;;
372148003;Ethnic group;ethnic_group;;;;;;
372148003;Ethnic group;ethnic_group;;;;;;
372148003;Ethnic group;ethnic_group;;;;;;
372148003;Ethnic group;ethnic_group;;;;;;
372148003;Ethnic group;ethnic_group;;;;;;
372148003;Ethnic group;ethnic_group;;;;;;
372148003;Ethnic group;ethnic_group;;;;;;
372148003;Ethnic group;ethnic_group;;;;;;
372148003;Ethnic group;ethnic_group;;;;;;
372148003;Ethnic group;ethnic_group;;;;;;
372148003;Ethnic group;ethnic_group;;;;;;
372148003;Ethnic group;ethnic_group;;;;;;
372148003;Ethnic group;ethnic_group;;;;;;
372148003;Ethnic group;ethnic_group;;;;;;
372148003;Ethnic group;ethnic_group;;;;;;
372148003;Ethnic group;ethnic_group;;;;;;
372148003;Ethnic group;ethnic_group;;;;;;
372148003;Ethnic group;ethnic_group;;;;;;
372148003;Ethnic group;ethnic_group;;;;;;
372148003;Ethnic group;ethnic_group;;;;;;
224303005;Education currently received;observable_entity;;;;;;
288500009;Geographical environment;environment;;;;;;
224525003;Number in household;observable_entity;;;;;;
14679004;Occupation;occupation;;;;;;
14679004;Occupation;occupation;;;;;;
223366009;Healthcare professional;occupation;;;;;;
224249004;Characteristics of home environment;observable_entity;;;;;;
705139001;Assessment of physical health;procedure;;;;;;
444316004;Seasonal allergy;finding;;;;;;
19829001;Disorder of lung;disorder;;;;;;
56265001;Heart disease;disorder;;;;;;
90708001;Kidney disease;disorder;;;;;;
414029004;Disorder of immune function;disorder;;;;;;
73211009;Diabetes mellitus;disorder;;;;;;
363346000;Malignant neoplastic disease;disorder;;;;;;
3723001;Arthritis;disorder;;;;;;
25064002;Headache;finding;;;;;;
128613002;Seizure disorder;disorder;;;;;;
119292006;Disorder of gastrointestinal tract;disorder;;;;;;
95320005;Disorder of skin;disorder;;;;;;
74732009;Mental disorder;disorder;;;;;;
66214007;Substance abuse;disorder;;;;;;
110359009;Intellectual disability;disorder;;;;;;
35919005;Pervasive developmental disorder;disorder;;;;;;
1855002;Developmental academic disorder;disorder;;;;;;
391281002;Mental health assessment;procedure;;;;;;
840546002;Exposure to Severe acute respiratory syndrome coronavirus 2;event;;;;;;
840546002;Exposure to Severe acute respiratory syndrome coronavirus 2;event;;;;;;
840546002;Exposure to Severe acute respiratory syndrome coronavirus 2;event;;;;;;
840546002;Exposure to Severe acute respiratory syndrome coronavirus 2;event;;;;;;
840544004;Suspected disease caused by Severe acute respiratory coronavirus 2;situation;;;;;;
386661006;Fever;finding;;;;;;
49727002;Cough;finding;;;;;;
267036007;Dyspnea;finding;;;;;;
162397003;Pain in throat;finding;;;;;;
84229001;Fatigue;finding;;;;;;
36955009;Loss of taste;finding;;;;;;
128351009;Eye infection;disorder;;;;;;
404684003;Clinical finding;finding;;;;;;
1240581000000100;Severe acute respiratory syndrome coronavirus 2 detected;finding;;;;;;
1240581000000100;Severe acute respiratory syndrome coronavirus 2 detected;finding;;;;;;
1240581000000100;Severe acute respiratory syndrome coronavirus 2 detected;finding;;;;;;
39104002;Illness;finding;;;;;;
32485007;Hospital admission;procedure;;;;;;
170497006;Isolation because of infection;procedure;;;;;;
170497006;Isolation because of infection;procedure;;;;;;
266956001;Loss of job;finding;;;;;;
365542002;Finding relating to changes in job;finding;;;;;;
419620001;Death;event;;;;;;
260413007;None;qualifier_value;;;;;;
247808006;Anxiety about body function or health;finding;;;;;;
247808006;Anxiety about body function or health;finding;;;;;;
247808006;Anxiety about body function or health;finding;;;;;;
247808006;Anxiety about body function or health;finding;;;;;;
225918008;Conversation content;observable_entity;;;;;;
405058000;Psychosocial adaptive behavior: life change;observable_entity;;;;;;
405058000;Psychosocial adaptive behavior: life change;observable_entity;;;;;;
228134009;School attendance;observable_entity;;;;;;
228134009;School attendance;observable_entity;;;;;;
228134009;School attendance;observable_entity;;;;;;
228134009;School attendance;observable_entity;;;;;;
706692004;Computer;physical_object;;;;;;
311840008;Homework, function;observable_entity;;;;;;
161028006;School meals free;qualifier_value;;;;;;
129874008;Social interaction finding;finding;;;;;;
77248004;Infection control procedure;procedure;;;;;;
225598002;Interaction with others;observable_entity;;;;;;
77248004;Infection control procedure;procedure;;;;;;
225706007;Interpersonal relationship finding;finding;;;;;;
225598002;Interaction with others;observable_entity;;;;;;
225706007;Interpersonal relationship finding;finding;;;;;;
225598002;Interaction with others;observable_entity;;;;;;
89925002;Canceled;qualifier_value;;;;;;
224164009;Financial circumstances;observable_entity;;;;;;
79015004;Worried;finding;;;;;;
79015004;Worried;finding;;;;;;
247797001;Level of hope;observable_entity;;;;;;
404950004;Sleep behavior;observable_entity;;;;;;
404950004;Sleep behavior;observable_entity;;;;;;
248263006;Duration of sleep;observable_entity;;;;;;
248263006;Duration of sleep;observable_entity;;;;;;
106020009;Finding of activity exercise pattern;finding;;;;;;
79015004;Worried;finding;;;;;;
247774004;Level of mood;observable_entity;;;;;;
247774004;Level of mood;observable_entity;;;;;;
162221009;Restlessness;finding;;;;;;
440398005;Level of fatigue;observable_entity;;;;;;
82742001;Concentration, function;observable_entity;;;;;;
55929007;Feeling irritable;finding;;;;;;
267076002;Feeling lonely;finding;;;;;;
2811000175101;Hours per day watching television or videos;observable_entity;;;;;;
2811000175101;Hours per day watching television or videos;observable_entity;;;;;;
2801000175104;Hours per day playing games on a screen;observable_entity;;;;;;
228308009;Pattern of drinking;observable_entity;;;;;;
722499006;Electronic cigarette user;finding;;;;;;
229819007;Tobacco use and exposure;observable_entity;;;;;;
228390007;Frequency of drug misuse;observable_entity;;;;;;
228390007;Frequency of drug misuse;observable_entity;;;;;;
703852005;Narrative comment section;record_artifact;;;;;;
703852005;Narrative comment section;record_artifact;;;;;;
424144002;Current chronological age;observable_entity;;;;;;
263495000;Gender;observable_entity;;;;;;
224288002;Duration of formal education;observable_entity;;;;;;
158965000;Medical practitioner;occupation;;;;;;
27624003;Chronic disease;disorder;;;;;;
385436007;Population;social_concept;;;;;;
264362003;Home;environment;;;;;;
272497004;Residential environment;environment;;;;;;
224134001;Lives with children;finding;;;;;;
224525003;Number in household;observable_entity;;;;;;
292508471000118976;History of disease caused by Severe acute respiratory syndrome coronavirus 2;situation;;;;;;
292508471000118976;History of disease caused by Severe acute respiratory syndrome coronavirus 2;situation;;;;;;
870552008;Health literacy;observable_entity;;;;;;
840533007;Severe acute respiratory syndrome coronavirus 2;organism;;;;;;
840533008;Severe acute respiratory syndrome coronavirus 2;organism;;;;;;
840533009;Severe acute respiratory syndrome coronavirus 2;organism;;;;;;
840533010;Severe acute respiratory syndrome coronavirus 2;organism;;;;;;
840533011;Severe acute respiratory syndrome coronavirus 2;organism;;;;;;
840533012;Severe acute respiratory syndrome coronavirus 2;organism;;;;;;
840533013;Severe acute respiratory syndrome coronavirus 2;organism;;;;;;
840533014;Severe acute respiratory syndrome coronavirus 2;organism;;;;;;
840533015;Severe acute respiratory syndrome coronavirus 2;organism;;;;;;
840533016;Severe acute respiratory syndrome coronavirus 2;organism;;;;;;
386053000;Evaluation procedure;procedure;;;;;;
840533016;Severe acute respiratory syndrome coronavirus 2;organism;;;;;;
840533017;Severe acute respiratory syndrome coronavirus 2;organism;;;;;;
840533018;Severe acute respiratory syndrome coronavirus 2;organism;;;;;;
840533019;Severe acute respiratory syndrome coronavirus 2;organism;;;;;;
275840002;Preventing spread of infection;procedure;;;;;;
275840002;Preventing spread of infection;procedure;;;;;;
275840003;Preventing spread of infection;procedure;;;;;;
275840004;Preventing spread of infection;procedure;;;;;;
275840005;Preventing spread of infection;procedure;;;;;;
275840006;Preventing spread of infection;procedure;;;;;;
275840007;Preventing spread of infection;procedure;;;;;;
275840008;Preventing spread of infection;procedure;;;;;;
275840009;Preventing spread of infection;procedure;;;;;;
275840010;Preventing spread of infection;procedure;;;;;;
275840011;Preventing spread of infection;procedure;;;;;;
275840012;Preventing spread of infection;procedure;;;;;;
275840013;Preventing spread of infection;procedure;;;;;;
275840014;Preventing spread of infection;procedure;;;;;;
275840015;Preventing spread of infection;procedure;;;;;;
275840016;Preventing spread of infection;procedure;;;;;;
275840017;Preventing spread of infection;procedure;;;;;;
275840018;Preventing spread of infection;procedure;;;;;;
275840019;Preventing spread of infection;procedure;;;;;;
275840020;Preventing spread of infection;procedure;;;;;;
275840021;Preventing spread of infection;procedure;;;;;;
275840022;Preventing spread of infection;procedure;;;;;;
275840023;Preventing spread of infection;procedure;;;;;;
275840024;Preventing spread of infection;procedure;;;;;;
275840025;Preventing spread of infection;procedure;;;;;;
275840026;Preventing spread of infection;procedure;;;;;;
275840027;Preventing spread of infection;procedure;;;;;;
275840028;Preventing spread of infection;procedure;;;;;;
275840029;Preventing spread of infection;procedure;;;;;;
275840030;Preventing spread of infection;procedure;;;;;;
275840031;Preventing spread of infection;procedure;;;;;;
275840032;Preventing spread of infection;procedure;;;;;;
275840033;Preventing spread of infection;procedure;;;;;;
275840034;Preventing spread of infection;procedure;;;;;;
275840035;Preventing spread of infection;procedure;;;;;;
275840036;Preventing spread of infection;procedure;;;;;;
275840037;Preventing spread of infection;procedure;;;;;;
840533007;Severe acute respiratory syndrome coronavirus 2;organism;;;;;;
840533008;Severe acute respiratory syndrome coronavirus 2;organism;;;;;;
840533009;Severe acute respiratory syndrome coronavirus 2;organism;;;;;;
840533010;Severe acute respiratory syndrome coronavirus 2;organism;;;;;;
840533011;Severe acute respiratory syndrome coronavirus 2;organism;;;;;;
840533012;Severe acute respiratory syndrome coronavirus 2;organism;;;;;;
840533013;Severe acute respiratory syndrome coronavirus 2;organism;;;;;;
840533014;Severe acute respiratory syndrome coronavirus 2;organism;;;;;;
840533015;Severe acute respiratory syndrome coronavirus 2;organism;;;;;;
840533016;Severe acute respiratory syndrome coronavirus 2;organism;;;;;;
307086010;Ability to analyze information;observable_entity;;;;;;
307086011;Ability to analyze information;observable_entity;;;;;;
307086012;Ability to analyze information;observable_entity;;;;;;
307086013;Ability to analyze information;observable_entity;;;;;;
307086014;Ability to analyze information;observable_entity;;;;;;
307086015;Ability to analyze information;observable_entity;;;;;;
307086016;Ability to analyze information;observable_entity;;;;;;
307086017;Ability to analyze information;observable_entity;;;;;;
307086018;Ability to analyze information;observable_entity;;;;;;
307086019;Ability to analyze information;observable_entity;;;;;;
307086020;Ability to analyze information;observable_entity;;;;;;
307086021;Ability to analyze information;observable_entity;;;;;;
307086022;Ability to analyze information;observable_entity;;;;;;
307086023;Ability to analyze information;observable_entity;;;;;;
307086024;Ability to analyze information;observable_entity;;;;;;
307086025;Ability to analyze information;observable_entity;;;;;;
307086026;Ability to analyze information;observable_entity;;;;;;
307086027;Ability to analyze information;observable_entity;;;;;;
307086028;Ability to analyze information;observable_entity;;;;;;
307086029;Ability to analyze information;observable_entity;;;;;;
307086030;Ability to analyze information;observable_entity;;;;;;
307086031;Ability to analyze information;observable_entity;;;;;;
307086032;Ability to analyze information;observable_entity;;;;;;
307086033;Ability to analyze information;observable_entity;;;;;;
307086034;Ability to analyze information;observable_entity;;;;;;
307086035;Ability to analyze information;observable_entity;;;;;;
307086036;Ability to analyze information;observable_entity;;;;;;
307086036;Ability to analyze information;observable_entity;;;;;;
223458031;Informing;procedure;;;;;;
223458032;Informing;procedure;;;;;;
223458033;Informing;procedure;;;;;;
223458034;Informing;procedure;;;;;;
223458035;Informing;procedure;;;;;;
223458036;Informing;procedure;;;;;;
223458037;Informing;procedure;;;;;;
223458038;Informing;procedure;;;;;;
223458039;Informing;procedure;;;;;;
223458040;Informing;procedure;;;;;;
223458041;Informing;procedure;;;;;;
223458042;Informing;procedure;;;;;;
424228003;Infection control status;finding;;;;;;
424228004;Infection control status;finding;;;;;;
424228005;Infection control status;finding;;;;;;
424228006;Infection control status;finding;;;;;;
424228007;Infection control status;finding;;;;;;
424228008;Infection control status;finding;;;;;;
424228009;Infection control status;finding;;;;;;
424228010;Infection control status;finding;;;;;;
424228011;Infection control status;finding;;;;;;
424228012;Infection control status;finding;;;;;;
424228013;Infection control status;finding;;;;;;
424228014;Infection control status;finding;;;;;;
424228015;Infection control status;finding;;;;;;
424228016;Infection control status;finding;;;;;;
424228017;Infection control status;finding;;;;;;
424228018;Infection control status;finding;;;;;;
424228019;Infection control status;finding;;;;;;
424228020;Infection control status;finding;;;;;;
225464009;Attitude;observable_entity;;;;;;
225464010;Attitude;observable_entity;;;;;;
225464011;Attitude;observable_entity;;;;;;
225464012;Attitude;observable_entity;;;;;;
225464013;Attitude;observable_entity;;;;;;
225464014;Attitude;observable_entity;;;;;;
225464015;Attitude;observable_entity;;;;;;
225464016;Attitude;observable_entity;;;;;;
225464017;Attitude;observable_entity;;;;;;
77248004;Infection control procedure;procedure;;;;;;
77248005;Infection control procedure;procedure;;;;;;
77248006;Infection control procedure;procedure;;;;;;
77248007;Infection control procedure;procedure;;;;;;
77248008;Infection control procedure;procedure;;;;;;
363871006;Mental state;observable_entity;;;;;;
363871007;Mental state;observable_entity;;;;;;
363871008;Mental state;observable_entity;;;;;;
275840002;Preventing spread of infection;procedure;;;;;;
275840003;Preventing spread of infection;procedure;;;;;;
275840004;Preventing spread of infection;procedure;;;;;;
275840002;Preventing spread of infection;procedure;;;;;;
275840003;Preventing spread of infection;procedure;;;;;;
275840002;Preventing spread of infection;procedure;;;;;;
275840003;Preventing spread of infection;procedure;;;;;;
275840004;Preventing spread of infection;procedure;;;;;;
275840002;Preventing spread of infection;procedure;;;;;;
275840003;Preventing spread of infection;procedure;;;;;;
406208005;Adaptation behavior;observable_entity;;;;;;
406208006;Adaptation behavior;observable_entity;;;;;;
406208007;Adaptation behavior;observable_entity;;;;;;
406208008;Adaptation behavior;observable_entity;;;;;;
406208009;Adaptation behavior;observable_entity;;;;;;
406208010;Adaptation behavior;observable_entity;;;;;;
406208011;Adaptation behavior;observable_entity;;;;;;
406208012;Adaptation behavior;observable_entity;;;;;;
406208013;Adaptation behavior;observable_entity;;;;;;
406208014;Adaptation behavior;observable_entity;;;;;;
406208015;Adaptation behavior;observable_entity;;;;;;
363872004;Emotional state characteristics;observable_entity;;;;;;
363872005;Emotional state characteristics;observable_entity;;;;;;
363872006;Emotional state characteristics;observable_entity;;;;;;
363872007;Emotional state characteristics;observable_entity;;;;;;
363872008;Emotional state characteristics;observable_entity;;;;;;
363872009;Emotional state characteristics;observable_entity;;;;;;
363872010;Emotional state characteristics;observable_entity;;;;;;
363872009;Emotional state characteristics;observable_entity;;;;;;
363872010;Emotional state characteristics;observable_entity;;;;;;
363872011;Emotional state characteristics;observable_entity;;;;;;
363872012;Emotional state characteristics;observable_entity;;;;;;
363872013;Emotional state characteristics;observable_entity;;;;;;
363872014;Emotional state characteristics;observable_entity;;;;;;
363872010;Emotional state characteristics;observable_entity;;;;;;
307086008;Ability to analyze information;observable_entity;;;;;;
307086009;Ability to analyze information;observable_entity;;;;;;
307086010;Ability to analyze information;observable_entity;;;;;;
6142004;Influenza;disorder;;;;;;
6142005;Influenza;disorder;;;;;;
6142006;Influenza;disorder;;;;;;
;;;224130005;Household composition;observable_entity;;;
;;;702547000;Exposure to coronavirus infection;event;;;
;;;119751000146104;Fever caused by Severe acute respiratory syndrome coronavirus 2;disorder;;;
;;;1240541000000100;Infection of upper respiratory tract caused by Severe acute respiratory syndrome coronavirus 2;disorder;;;
;;;119981000146107;Dyspnea caused by Severe acute respiratory syndrome coronavirus 2;disorder;;;
;;;1240541000000100;Infection of upper respiratory tract caused by Severe acute respiratory syndrome coronavirus 2;disorder;;;
;;;1240541000000100;Infection of upper respiratory tract caused by Severe acute respiratory syndrome coronavirus 2;disorder;;;
;;;840539006;Disease caused by Severe acute respiratory syndrome coronavirus 2;disorder;;;
;;;840539006;Disease caused by Severe acute respiratory syndrome coronavirus 2;disorder;;;
;;;840539006;Disease caused by Severe acute respiratory syndrome coronavirus 2;disorder;;;
;;;840539006;Disease caused by Severe acute respiratory syndrome coronavirus 2;disorder;;;
;;;840539006;Disease caused by Severe acute respiratory syndrome coronavirus 2;disorder;;;
;;;406646006;Incubation period;observable_entity;;;
;;;702547000;Exposure to coronavirus infection;event;;;
;;;702547001;Exposure to coronavirus infection;event;;;
;;;840539006;Disease caused by Severe acute respiratory syndrome coronavirus 2;disorder;;;
;;;386335003;Infection protection;procedure;;;
;;;405056001;Coping behavior;observable_entity;;;
;;;1142178009;Vaccine product containing Severe acute respiratory syndrome coronavirus 2 antigen or Severe acute respiratory syndrome coronavirus 2 messenger ribonucleic acid;medicinal_product;;;
;;;225365006;Care regime;regime/therapy;;;
;;;224285004;Education and schooling detail;observable_entity;;;
;;;840539006;Disease caused by Severe acute respiratory syndrome coronavirus 2;disorder;;;
;;;424228003;Infection control status;finding;;;
;;;424228004;Infection control status;finding;;;
;;;225318000;Personal and environmental management regime;regime/therapy;;;
;;;224164009;Financial circumstances;observable_entity;;;
;;;406552001;Self management of mental health problems;finding;;;
;;;129874008;Social interaction finding;finding;;;
;;;840533007;Severe acute respiratory syndrome coronavirus 2;organism;;;
;;;225318000;Personal and environmental management regime;regime/therapy;;;
;;;225318001;Personal and environmental management regime;regime/therapy;;;
;;;225318002;Personal and environmental management regime;regime/therapy;;;
;;;225318003;Personal and environmental management regime;regime/therapy;;;
;;;225318004;Personal and environmental management regime;regime/therapy;;;
;;;225318005;Personal and environmental management regime;regime/therapy;;;
;;;225318006;Personal and environmental management regime;regime/therapy;;;
;;;225318007;Personal and environmental management regime;regime/therapy;;;
;;;225318008;Personal and environmental management regime;regime/therapy;;;
;;;225318009;Personal and environmental management regime;regime/therapy;;;
;;;225318010;Personal and environmental management regime;regime/therapy;;;
;;;225318011;Personal and environmental management regime;regime/therapy;;;
;;;225318012;Personal and environmental management regime;regime/therapy;;;
;;;225318013;Personal and environmental management regime;regime/therapy;;;
;;;225318014;Personal and environmental management regime;regime/therapy;;;
;;;225318015;Personal and environmental management regime;regime/therapy;;;
;;;225318016;Personal and environmental management regime;regime/therapy;;;
;;;225318017;Personal and environmental management regime;regime/therapy;;;
;;;1142178009;Vaccine product containing Severe acute respiratory syndrome coronavirus 2 antigen or Severe acute respiratory syndrome coronavirus 2 messenger ribonucleic acid;medicinal_product;;;
;;;423315002;Limited social contact;finding;;;
;;;40174006;Isolation procedure;procedure;;;
;;;40174007;Isolation procedure;procedure;;;
;;;225214000;Procedures relating to control, restraint, seclusion and segregation;procedure;;;
;;;261352009;Face mask;physical_object;;;
;;;109190001;Virus test kit;physical_object;;;
;;;225214000;Procedures relating to control, restraint, seclusion and segregation;procedure;;;
;;;422650009;Social isolation;finding;;;
;;;704373006;Lack of trust;finding;;;
;;;704373007;Lack of trust;finding;;;
;;;239516002;Monitoring procedure;regime/therapy;;;
;;;239516002;Monitoring procedure;regime/therapy;;;
;;;239516003;Monitoring procedure;regime/therapy;;;
;;;424582000;Stress overload;finding;;;
;;;716421004;Able to manage stress;finding;;;
;;;422761005;Difficulty managing stress;finding;;;
;;;704963003;Adequate infection control measures;finding;;;
;;;704963004;Adequate infection control measures;finding;;;
;;;733817003;Decreased social isolation;finding;;;
;;;733817004;Decreased social isolation;finding;;;
;;;733817003;Decreased social isolation;finding;;;
;;;733817004;Decreased social isolation;finding;;;
;;;422650009;Social isolation;finding;;;
;;;261352009;Face mask;physical_object;;;
;;;871562009;Detection of Severe acute respiratory syndrome coronavirus 2;observable_entity;;;
;;;422650009;Social isolation;finding;;;
;;;2541004;Compulsive buying;finding;;;
;;;2541005;Compulsive buying;finding;;;
;;;423315002;Limited social contact;finding;;;
;;;300772000;Difficulty performing play and sports activities;finding;;;
;;;365967005;Finding of alcohol intake;finding;;;
;;;230112002;Convenience food intake;observable_entity;;;
;;;397710003;Did not attend outpatient appointment;finding;;;
;;;423315002;Limited social contact;finding;;;
;;;423315002;Limited social contact;finding;;;
;;;443693006;Assessment of self medication;procedure;;;
;;;386335003;Infection protection;procedure;;;
;;;105442005;Death of companion;event;;;
;;;423797009;Inadequate healthcare provision;finding;;;
;;;406552001;Self management of mental health problems;finding;;;
;;;365275006;General well-being finding;finding;;;
;;;108329005;Social context finding;finding;;;
;;;225317005;Restriction of movement;regime/therapy;;;
;;;420008001;Travel;event;;;
;;;266957005;Business worries;finding;;;
;;;266957006;Business worries;finding;;;
;;;286445001;Difficulty obtaining food;finding;;;
;;;73438004;Unemployed;finding;;;
;;;160932005;Financial problem;finding;;;
;;;224519002;Problem with informal caregiver;finding;;;
;;;423315002;Limited social contact;finding;;;
;;;223458004;Informing;procedure;;;
;;;223458005;Informing;procedure;;;
;;;223458006;Informing;procedure;;;
;;;710034000;Exposure to Influenzavirus;event;;;
;;;710034000;Exposure to Influenzavirus;event;;;
263495000;Gender;observable_entity;;;;;;
224083004;Marital or partnership status;observable_entity;;;;;;
224083005;Marital or partnership status;observable_entity;;;;;;
224083006;Marital or partnership status;observable_entity;;;;;;
224083007;Marital or partnership status;observable_entity;;;;;;
224083008;Marital or partnership status;observable_entity;;;;;;
224083009;Marital or partnership status;observable_entity;;;;;;
224130005;Household composition;observable_entity;;;;;;
224130006;Household composition;observable_entity;;;;;;
224167002;Income details;observable_entity;;;;;;
224167003;Income details;observable_entity;;;;;;
264362003;Home;environment;;;;;;
264362004;Home;environment;;;;;;
264362004;Home;environment;;;;;;
301705009;Occupation and employment activity;observable_entity;;;;;;
301705010;Occupation and employment activity;observable_entity;;;;;;
301705011;Occupation and employment activity;observable_entity;;;;;;
365458002;Education and/or schooling finding;finding;;;;;;
365458003;Education and/or schooling finding;finding;;;;;;
365458004;Education and/or schooling finding;finding;;;;;;
301705009;Occupation and employment activity;observable_entity;;;;;;
301705010;Occupation and employment activity;observable_entity;;;;;;
301705011;Occupation and employment activity;observable_entity;;;;;;
301705012;Occupation and employment activity;observable_entity;;;;;;
301705013;Occupation and employment activity;observable_entity;;;;;;
301705014;Occupation and employment activity;observable_entity;;;;;;
301705015;Occupation and employment activity;observable_entity;;;;;;
301705016;Occupation and employment activity;observable_entity;;;;;;
301705017;Occupation and employment activity;observable_entity;;;;;;
301705018;Occupation and employment activity;observable_entity;;;;;;
301705019;Occupation and employment activity;observable_entity;;;;;;
301705020;Occupation and employment activity;observable_entity;;;;;;
301705021;Occupation and employment activity;observable_entity;;;;;;
301705022;Occupation and employment activity;observable_entity;;;;;;
301705023;Occupation and employment activity;observable_entity;;;;;;
301705024;Occupation and employment activity;observable_entity;;;;;;
301705025;Occupation and employment activity;observable_entity;;;;;;
301705026;Occupation and employment activity;observable_entity;;;;;;
301705027;Occupation and employment activity;observable_entity;;;;;;
301705028;Occupation and employment activity;observable_entity;;;;;;
27624003;Chronic disease;disorder;;;;;;
27624004;Chronic disease;disorder;;;;;;
840533007;Severe acute respiratory syndrome coronavirus 2;organism;;;;;;
840533008;Severe acute respiratory syndrome coronavirus 2;organism;;;;;;
840533009;Severe acute respiratory syndrome coronavirus 2;organism;;;;;;
840533010;Severe acute respiratory syndrome coronavirus 2;organism;;;;;;
55607006;Problem;finding;;;;;;
55607007;Problem;finding;;;;;;
55607008;Problem;finding;;;;;;
55607009;Problem;finding;;;;;;
55607010;Problem;finding;;;;;;
55607011;Problem;finding;;;;;;
55607012;Problem;finding;;;;;;
55607013;Problem;finding;;;;;;
55607014;Problem;finding;;;;;;
55607015;Problem;finding;;;;;;
363871006;Mental state;observable_entity;;;;;;
363871007;Mental state;observable_entity;;;;;;
363871008;Mental state;observable_entity;;;;;;
363871009;Mental state;observable_entity;;;;;;
79015004;Worried;finding;;;;;;
79015005;Worried;finding;;;;;;
79015006;Worried;finding;;;;;;
79015007;Worried;finding;;;;;;
79015008;Worried;finding;;;;;;
79015009;Worried;finding;;;;;;
79015010;Worried;finding;;;;;;
79015011;Worried;finding;;;;;;
79015012;Worried;finding;;;;;;
79015013;Worried;finding;;;;;;
79015014;Worried;finding;;;;;;
79015015;Worried;finding;;;;;;
79015016;Worried;finding;;;;;;
79015017;Worried;finding;;;;;;
79015018;Worried;finding;;;;;;
363800008;General wellbeing;observable_entity;;;;;;
363800009;General wellbeing;observable_entity;;;;;;
363800010;General wellbeing;observable_entity;;;;;;
363800011;General wellbeing;observable_entity;;;;;;
363800012;General wellbeing;observable_entity;;;;;;
363871006;Mental state;observable_entity;;;;;;
363871007;Mental state;observable_entity;;;;;;
363871008;Mental state;observable_entity;;;;;;
363871009;Mental state;observable_entity;;;;;;
363871010;Mental state;observable_entity;;;;;;
363871011;Mental state;observable_entity;;;;;;
363871012;Mental state;observable_entity;;;;;;
363871013;Mental state;observable_entity;;;;;;
363871014;Mental state;observable_entity;;;;;;
840533010;Severe acute respiratory syndrome coronavirus 2;organism;;;;;;
840533011;Severe acute respiratory syndrome coronavirus 2;organism;;;;;;
840533012;Severe acute respiratory syndrome coronavirus 2;organism;;;;;;
840533013;Severe acute respiratory syndrome coronavirus 2;organism;;;;;;
840533014;Severe acute respiratory syndrome coronavirus 2;organism;;;;;;
61372001;Aggressive behavior;finding;;;;;;
840533014;Severe acute respiratory syndrome coronavirus 2;organism;;;;;;
840533015;Severe acute respiratory syndrome coronavirus 2;organism;;;;;;
840533015;Severe acute respiratory syndrome coronavirus 2;organism;;;;;;
228465009;Sexual relationship details;observable_entity;;;;;;
840533015;Severe acute respiratory syndrome coronavirus 2;organism;;;;;;
840533016;Severe acute respiratory syndrome coronavirus 2;organism;;;;;;
840533017;Severe acute respiratory syndrome coronavirus 2;organism;;;;;;
228465009;Sexual relationship details;observable_entity;;;;;;
840533017;Severe acute respiratory syndrome coronavirus 2;organism;;;;;;
840533018;Severe acute respiratory syndrome coronavirus 2;organism;;;;;;
840533019;Severe acute respiratory syndrome coronavirus 2;organism;;;;;;
840533020;Severe acute respiratory syndrome coronavirus 2;organism;;;;;;
840533021;Severe acute respiratory syndrome coronavirus 2;organism;;;;;;
840533022;Severe acute respiratory syndrome coronavirus 2;organism;;;;;;
118233009;Finding of activity of daily living;finding;;;;;;
118233010;Finding of activity of daily living;finding;;;;;;
118233011;Finding of activity of daily living;finding;;;;;;
118233012;Finding of activity of daily living;finding;;;;;;
118233013;Finding of activity of daily living;finding;;;;;;
118233014;Finding of activity of daily living;finding;;;;;;
118233015;Finding of activity of daily living;finding;;;;;;
118233016;Finding of activity of daily living;finding;;;;;;
118233017;Finding of activity of daily living;finding;;;;;;
118233018;Finding of activity of daily living;finding;;;;;;
118233019;Finding of activity of daily living;finding;;;;;;
118233020;Finding of activity of daily living;finding;;;;;;
118233021;Finding of activity of daily living;finding;;;;;;
118233022;Finding of activity of daily living;finding;;;;;;
118233023;Finding of activity of daily living;finding;;;;;;
118233024;Finding of activity of daily living;finding;;;;;;
118233025;Finding of activity of daily living;finding;;;;;;
118233026;Finding of activity of daily living;finding;;;;;;
118233027;Finding of activity of daily living;finding;;;;;;
118233028;Finding of activity of daily living;finding;;;;;;
118233029;Finding of activity of daily living;finding;;;;;;
118233030;Finding of activity of daily living;finding;;;;;;
118233031;Finding of activity of daily living;finding;;;;;;
118233032;Finding of activity of daily living;finding;;;;;;
118233033;Finding of activity of daily living;finding;;;;;;
118233034;Finding of activity of daily living;finding;;;;;;
118233035;Finding of activity of daily living;finding;;;;;;
118233036;Finding of activity of daily living;finding;;;;;;
118233037;Finding of activity of daily living;finding;;;;;;
118233038;Finding of activity of daily living;finding;;;;;;
707810004;Cares for self;finding;;;;;;
707810005;Cares for self;finding;;;;;;
707810006;Cares for self;finding;;;;;;
707810007;Cares for self;finding;;;;;;
707810008;Cares for self;finding;;;;;;
707810009;Cares for self;finding;;;;;;
707810010;Cares for self;finding;;;;;;
707810011;Cares for self;finding;;;;;;
707810012;Cares for self;finding;;;;;;
118233038;Finding of activity of daily living;finding;;;;;;
118233038;Finding of activity of daily living;finding;;;;;;
405056001;Coping behavior;observable_entity;;;;;;
405056002;Coping behavior;observable_entity;;;;;;
840533022;Severe acute respiratory syndrome coronavirus 2;organism;;;;;;
840533023;Severe acute respiratory syndrome coronavirus 2;organism;;;;;;
;;;184102003;Patient postal code;observable_entity;;;
;;;285141008;Work environment;environment;;;
;;;224288002;Duration of formal education;observable_entity;;;
;;;308408000;Large machinery/plant work;occupation;;;
;;;106524008;Construction worker;occupation;;;
;;;266016001;Textile material worker;occupation;;;
;;;159681002;Catering/personal services;occupation;;;
;;;159681002;Catering/personal services;occupation;;;
;;;307972006;Education profession;occupation;;;
;;;265950004;Professional scientist/engineer/technologist;occupation;;;
;;;223366009;Healthcare professional;occupation;;;
;;;158758004;Management support professions;occupation;;;
;;;159681002;Catering/personal services;occupation;;;
;;;106355001;Sales worker;occupation;;;
;;;159049007;Literary/artistic/sports occupation;occupation;;;
;;;106386007;Agricultural animal husbandry/forestry worker, fisherman/hunter;occupation;;;
;;;106331006;Administrative/managerial worker;occupation;;;
;;;106401004;Production/related worker, transport equipment operator/laborer;occupation;;;
;;;106254004;Professional technical/related worker;occupation;;;
;;;266006009;Food/drink processor;occupation;;;
;;;106254004;Professional technical/related worker;occupation;;;
;;;106332004;Legislative official/government administrator;occupation;;;
;;;74732009;Mental disorder;disorder;;;
;;;871562009;Detection of Severe acute respiratory syndrome coronavirus 2;observable_entity;;;
;;;170497006;Isolation because of infection;procedure;;;
;;;385819005;Infection control assessment;procedure;;;
;;;405056001;Coping behavior;observable_entity;;;
;;;406221003;Health status;observable_entity;;;
;;;363791007;General appearance of patient;observable_entity;;;
;;;18480004;Libido, function;observable_entity;;;
;;;228465009;Sexual relationship details;observable_entity;;;
;;;285141008;Work environment;environment;;;
;;;224164009;Financial circumstances;observable_entity;;;
;;;405046000;Level of loneliness;observable_entity;;;
;;;773760007;Traumatic event;event;;;
;;;773760008;Traumatic event;event;;;
;;;713566001;Lack of interest;finding;;;
;;;307077003;Feeling hopeless;finding;;;
;;;424196004;Feeling nervous;finding;;;
;;;79015004;Worried;finding;;;
;;;224164009;Financial circumstances;observable_entity;;;
;;;406221003;Health status;observable_entity;;;
;;;301705009;Occupation and employment activity;observable_entity;;;
;;;405205002;Family health status;observable_entity;;;
;;;405200007;Family social climate;observable_entity;;;
;;;840533010;Severe acute respiratory syndrome coronavirus 2;organism;;;
;;;840533010;Severe acute respiratory syndrome coronavirus 2;organism;;;
;;;288559001;Ecological environment;environment;;;
;;;405083000;Healthcare decision making;observable_entity;;;
;;;405205002;Family health status;observable_entity;;;
;;;286440006;Ability to obtain food;observable_entity;;;
;;;224210002;Housing ownership and tenure;observable_entity;;;
;;;870688007;Ability to participate in community social life;observable_entity;;;
;;;405046000;Level of loneliness;observable_entity;;;
;;;112080002;Cheerful mood;finding;;;
;;;102894008;Feeling calm;finding;;;
;;;276301007;Increased energy;finding;;;
;;;102894008;Feeling calm;finding;;;
;;;112080002;Cheerful mood;finding;;;
;;;54038000;Insecurity;finding;;;
;;;118233009;Finding of activity of daily living;finding;;;
;;;225010003;Feeling a failure;finding;;;
;;;365452001;Finding of sense of purpose;finding;;;
;;;83765003;Boredom;finding;;;
;;;55929007;Feeling irritable;finding;;;
;;;61372001;Aggressive behavior;finding;;;
;;;33911006;Food appetite, function;observable_entity;;;
;;;18480004;Libido, function;observable_entity;;;
;;;33911006;Food appetite, function;observable_entity;;;
;;;33911007;Food appetite, function;observable_entity;;;
;;;258158006;Sleep, function;observable_entity;;;
;;;313216003;History of sexual abuse;situation;;;
;;;371772001;Domestic abuse;event;;;
;;;371772002;Domestic abuse;event;;;
;;;371772003;Domestic abuse;event;;;
;;;414254005;Finding of frequency of sexual activity;finding;;;
;;;18480004;Libido, function;observable_entity;;;
;;;18480004;Libido, function;observable_entity;;;
;;;18480004;Libido, function;observable_entity;;;
;;;18480004;Libido, function;observable_entity;;;
;;;272387007;Domestic activity;observable_entity;;;
;;;35359004;Family;social_concept;;;
;;;35359004;Family;social_concept;;;
;;;301705009;Occupation and employment activity;observable_entity;;;
;;;50360004;Reading;observable_entity;;;
;;;314869001;Audio and visual equipment;physical_object;;;
;;;14468000;Sports activity;observable_entity;;;
;;;229918000;Food and drink intake;observable_entity;;;
;;;272387008;Domestic activity;observable_entity;;;
;;;272387009;Domestic activity;observable_entity;;;
;;;314869000;Audio and visual equipment;physical_object;;;
;;;314869001;Audio and visual equipment;physical_object;;;
;;;2781000175105;Video, television or computer screen time;observable_entity;;;
;;;373333006;Stimulant;substance;;;
;;;314869000;Audio and visual equipment;physical_object;;;
;;;314869001;Audio and visual equipment;physical_object;;;
;;;314869000;Audio and visual equipment;physical_object;;;
;;;314869001;Audio and visual equipment;physical_object;;;
;;;314869002;Audio and visual equipment;physical_object;;;
;;;300749002;Ability to perform gardening activities;observable_entity;;;
;;;129006008;Walking;observable_entity;;;
;;;300813005;Ability to care for pet;observable_entity;;;
;;;225360001;Skin care;regime/therapy;;;
;;;229918000;Food and drink intake;observable_entity;;;
;;;300761005;Ability to perform creative activity;observable_entity;;;
;;;300761006;Ability to perform creative activity;observable_entity;;;
;;;300761007;Ability to perform creative activity;observable_entity;;;
;;;272387007;Domestic activity;observable_entity;;;
;;;272387007;Domestic activity;observable_entity;;;
;;;307124006;Ability to write;observable_entity;;;
;;;386812007;Safety precautions;procedure;;;
;;;14468000;Sports activity;observable_entity;;;
;;;272387009;Domestic activity;observable_entity;;;
;;;11429006;Consultation;procedure;;;
;;;229918000;Food and drink intake;observable_entity;;;
;;;14468000;Sports activity;observable_entity;;;
;;;258158006;Sleep, function;observable_entity;;;
;;;386812007;Safety precautions;procedure;;;
;;;247642000;Thought process;observable_entity;;;
;;;247642000;Thought process;observable_entity;;;
;;;247642001;Thought process;observable_entity;;;
;;;;;;224164009;Financial circumstances;observable_entity
;;;;;;313217007;History of emotional abuse;situation
;;;;;;313215004;History of physical abuse;situation
;;;;;;313216003;History of sexual abuse;situation
;;;;;;414254005;Finding of frequency of sexual activity;finding
;;;;;;414254005;Finding of frequency of sexual activity;finding
;;;;;;17284008;Pornographic stimulation;finding
;;;;;;2781000175103;Video, television or computer screen time;observable_entity
;;;;;;2781000175104;Video, television or computer screen time;observable_entity
;;;;;;2781000175105;Video, television or computer screen time;observable_entity
;;;;;;2781000175105;Video, television or computer screen time;observable_entity
;;;;;;2781000175105;Video, television or computer screen time;observable_entity
;;;;;;225648009;Optimistic;finding
;;;;;;247799003;Pessimistic;finding
399150003;Polymerase chain reaction test for severe acute respiratory syndrome;procedure;;;;;;
871555000;Detection of ribonucleic acid of Severe acute respiratory syndrome coronavirus 2;observable_entity;;;;;;
871555000;Detection of ribonucleic acid of Severe acute respiratory syndrome coronavirus 2;observable_entity;;;;;;
277132007;Therapeutic procedure;procedure;;;;;;
277132007;Therapeutic procedure;procedure;;;;;;
40174006;Isolation procedure;procedure;;;;;;
40174006;Isolation procedure;procedure;;;;;;
73701000119109;Influenza vaccination given;situation;;;;;;
73701000119109;Influenza vaccination given;situation;;;;;;
170337005;Pneumococcal vaccination given;situation;;;;;;
170337005;Pneumococcal vaccination given;situation;;;;;;
439830001;Behavior to prevent infection;observable_entity;;;;;;
439830001;Behavior to prevent infection;observable_entity;;;;;;
439830001;Behavior to prevent infection;observable_entity;;;;;;
439830001;Behavior to prevent infection;observable_entity;;;;;;
439830001;Behavior to prevent infection;observable_entity;;;;;;
439830001;Behavior to prevent infection;observable_entity;;;;;;
439830001;Behavior to prevent infection;observable_entity;;;;;;
439830001;Behavior to prevent infection;observable_entity;;;;;;
439830001;Behavior to prevent infection;observable_entity;;;;;;
439830001;Behavior to prevent infection;observable_entity;;;;;;
439830001;Behavior to prevent infection;observable_entity;;;;;;
439830001;Behavior to prevent infection;observable_entity;;;;;;
439830001;Behavior to prevent infection;observable_entity;;;;;;
385821000;Infection control management;procedure;;;;;;
385821000;Infection control management;procedure;;;;;;
385821000;Infection control management;procedure;;;;;;
385821000;Infection control management;procedure;;;;;;
385821000;Infection control management;procedure;;;;;;
405058000;Psychosocial adaptive behavior: life change;observable_entity;;;;;;
405058000;Psychosocial adaptive behavior: life change;observable_entity;;;;;;
405058000;Psychosocial adaptive behavior: life change;observable_entity;;;;;;
405058000;Psychosocial adaptive behavior: life change;observable_entity;;;;;;
405058000;Psychosocial adaptive behavior: life change;observable_entity;;;;;;
405058000;Psychosocial adaptive behavior: life change;observable_entity;;;;;;
405058000;Psychosocial adaptive behavior: life change;observable_entity;;;;;;
405058000;Psychosocial adaptive behavior: life change;observable_entity;;;;;;
405058000;Psychosocial adaptive behavior: life change;observable_entity;;;;;;
405058000;Psychosocial adaptive behavior: life change;observable_entity;;;;;;
405058000;Psychosocial adaptive behavior: life change;observable_entity;;;;;;
405058000;Psychosocial adaptive behavior: life change;observable_entity;;;;;;
405058000;Psychosocial adaptive behavior: life change;observable_entity;;;;;;
405058000;Psychosocial adaptive behavior: life change;observable_entity;;;;;;
405058000;Psychosocial adaptive behavior: life change;observable_entity;;;;;;
405058000;Psychosocial adaptive behavior: life change;observable_entity;;;;;;
405058000;Psychosocial adaptive behavior: life change;observable_entity;;;;;;
405058000;Psychosocial adaptive behavior: life change;observable_entity;;;;;;
405058000;Psychosocial adaptive behavior: life change;observable_entity;;;;;;
405058000;Psychosocial adaptive behavior: life change;observable_entity;;;;;;
405058000;Psychosocial adaptive behavior: life change;observable_entity;;;;;;
405058000;Psychosocial adaptive behavior: life change;observable_entity;;;;;;
405058000;Psychosocial adaptive behavior: life change;observable_entity;;;;;;
11429006;Consultation;procedure;;;;;;
709755006;Liaising with physician;procedure;;;;;;
709755006;Liaising with physician;procedure;;;;;;
709755006;Liaising with physician;procedure;;;;;;
709755006;Liaising with physician;procedure;;;;;;
709755006;Liaising with physician;procedure;;;;;;
709755006;Liaising with physician;procedure;;;;;;
709755006;Liaising with physician;procedure;;;;;;
709755006;Liaising with physician;procedure;;;;;;
185333000;Appointment canceled by doctor;finding;;;;;;
185333000;Appointment canceled by doctor;finding;;;;;;
185333000;Appointment canceled by doctor;finding;;;;;;
185333000;Appointment canceled by doctor;finding;;;;;;
185332005;Appointment canceled by patient;finding;;;;;;
185332005;Appointment canceled by patient;finding;;;;;;
185332005;Appointment canceled by patient;finding;;;;;;
185332005;Appointment canceled by patient;finding;;;;;;
406193000;Client satisfaction;observable_entity;;;;;;
406221003;Health status;observable_entity;;;;;;
129025006;Activity of daily living;observable_entity;;;;;;
129025006;Activity of daily living;observable_entity;;;;;;
301729002;Difficulty performing laboring activities;finding;;;;;;
301729002;Difficulty performing laboring activities;finding;;;;;;
301729002;Difficulty performing laboring activities;finding;;;;;;
301729002;Difficulty performing laboring activities;finding;;;;;;
301729002;Difficulty performing laboring activities;finding;;;;;;
285854004;Emotion;observable_entity;;;;;;
285854004;Emotion;observable_entity;;;;;;
285854004;Emotion;observable_entity;;;;;;
88598008;Impaired social interaction;finding;;;;;;
40226000;Impairment;finding;;;;;;
40226000;Impairment;finding;;;;;;
40226000;Impairment;finding;;;;;;
40226000;Impairment;finding;;;;;;
40226000;Impairment;finding;;;;;;
40226000;Impairment;finding;;;;;;
40226000;Impairment;finding;;;;;;
40226000;Impairment;finding;;;;;;
40226000;Impairment;finding;;;;;;
40226000;Impairment;finding;;;;;;
405154001;Level of suffering;observable_entity;;;;;;
405154001;Level of suffering;observable_entity;;;;;;
405154001;Level of suffering;observable_entity;;;;;;
405154001;Level of suffering;observable_entity;;;;;;
405154001;Level of suffering;observable_entity;;;;;;
405154001;Level of suffering;observable_entity;;;;;;
405154001;Level of suffering;observable_entity;;;;;;
405154001;Level of suffering;observable_entity;;;;;;
405154001;Level of suffering;observable_entity;;;;;;
405154001;Level of suffering;observable_entity;;;;;;
405154001;Level of suffering;observable_entity;;;;;;
405154001;Level of suffering;observable_entity;;;;;;
405154001;Level of suffering;observable_entity;;;;;;
405154001;Level of suffering;observable_entity;;;;;;
405154001;Level of suffering;observable_entity;;;;;;
405154001;Level of suffering;observable_entity;;;;;;
405154001;Level of suffering;observable_entity;;;;;;
405154001;Level of suffering;observable_entity;;;;;;
405154001;Level of suffering;observable_entity;;;;;;
405154001;Level of suffering;observable_entity;;;;;;
405154001;Level of suffering;observable_entity;;;;;;
385438008;Source of information;attribute;;;;;;
385438008;Source of information;attribute;;;;;;
385438008;Source of information;attribute;;;;;;
385438008;Source of information;attribute;;;;;;
385438008;Source of information;attribute;;;;;;
385438008;Source of information;attribute;;;;;;
385438008;Source of information;attribute;;;;;;
385438008;Source of information;attribute;;;;;;
385438008;Source of information;attribute;;;;;;
385438008;Source of information;attribute;;;;;;
385438008;Source of information;attribute;;;;;;
385438008;Source of information;attribute;;;;;;
385438008;Source of information;attribute;;;;;;
385438008;Source of information;attribute;;;;;;
385438008;Source of information;attribute;;;;;;
385438008;Source of information;attribute;;;;;;
385438008;Source of information;attribute;;;;;;
385438008;Source of information;attribute;;;;;;
385438008;Source of information;attribute;;;;;;
385438008;Source of information;attribute;;;;;;
385438008;Source of information;attribute;;;;;;
385438008;Source of information;attribute;;;;;;
385438008;Source of information;attribute;;;;;;
224362002;Employment status;observable_entity;;;;;;
439812008;Number of hours worked per week;observable_entity;;;;;;
439812008;Number of hours worked per week;observable_entity;;;;;;
224407007;Works at home;finding;;;;;;
224462003;Suspended from work;finding;;;;;;
224462003;Suspended from work;finding;;;;;;
266956001;Loss of job;finding;;;;;;
260388006;No status change;qualifier_value;;;;;;
439812008;Number of hours worked per week;observable_entity;;;;;;
439812008;Number of hours worked per week;observable_entity;;;;;;
224407007;Works at home;finding;;;;;;
160934006;Financial circumstances change (finding;finding;;;;;;
160906004;Sudden financial gain;finding;;;;;;
276078007;Business ceased - personal;finding;;;;;;
276078007;Business ceased - personal;finding;;;;;;
160932005;Financial problem;finding;;;;;;
276077002;Business ceased - financial;finding;;;;;;
260388006;No status change;qualifier_value;;;;;;
105497000;Threat of dismissal;finding;;;;;;
105497000;Threat of dismissal;finding;;;;;;
224164009;Financial circumstances;observable_entity;;;;;;
405058000;Psychosocial adaptive behavior: life change;observable_entity;;;;;;
399651003;Date of report;observable_entity;;;;;;
195967001;Asthma;disorder;;;;;;
13645005;Chronic obstructive lung disease;disorder;;;;;;
51615001;Fibrosis of lung;disorder;;;;;;
70995007;Pulmonary hypertension;disorder;;;;;;
190966007;Extreme obesity with alveolar hypoventilation;disorder;;;;;;
73430006;Sleep apnea;disorder;;;;;;
78275009;Obstructive sleep apnea syndrome;disorder;;;;;;
190905008;Cystic fibrosis;disorder;;;;;;
413839001;Chronic lung disease;disorder;;;;;;
413839001;Chronic lung disease;disorder;;;;;;
413839001;Chronic lung disease;disorder;;;;;;
38341003;Hypertensive disorder, systemic arterial;disorder;;;;;;
399211009;History of myocardial infarction;situation;;;;;;
698247007;Cardiac arrhythmia;disorder;;;;;;
84114007;Heart failure;disorder;;;;;;
399957001;Peripheral arterial occlusive disease;disorder;;;;;;
81266008;Heart revascularization;procedure;;;;;;
53741008;Coronary arteriosclerosis;disorder;;;;;;
64586002;Carotid artery stenosis;disorder;;;;;;
49601007;Disorder of cardiovascular system;disorder;;;;;;
49601007;Disorder of cardiovascular system;disorder;;;;;;
49601007;Disorder of cardiovascular system;disorder;;;;;;
197321007;Steatosis of liver;disorder;;;;;;
19943007;Cirrhosis of liver;disorder;;;;;;
10295004;Chronic viral hepatitis;disorder;;;;;;
235890007;Autoimmune liver disease;disorder;;;;;;
328383001;Chronic liver disease;disorder;;;;;;
328383001;Chronic liver disease;disorder;;;;;;
328383001;Chronic liver disease;disorder;;;;;;
24526004;Inflammatory bowel disease;disorder;;;;;;
69896004;Rheumatoid arthritis;disorder;;;;;;
81573002;Collagen disease;disorder;;;;;;
31996006;Vasculitis;disorder;;;;;;
36138009;Congenital immunodeficiency disease;disorder;;;;;;
414029004;Disorder of immune function;disorder;;;;;;
414029004;Disorder of immune function;disorder;;;;;;
414029005;Disorder of immune function;disorder;;;;;;
278977008;Human immunodeficiency virus status (observable entity;observable_entity;;;;;;
161663000;History of being a tissue or organ recipient;situation;;;;;;
161663000;History of being a tissue or organ recipient;situation;;;;;;
161663000;History of being a tissue or organ recipient;situation;;;;;;
161663000;History of being a tissue or organ recipient;situation;;;;;;
161663000;History of being a tissue or organ recipient;situation;;;;;;
161663000;History of being a tissue or organ recipient;situation;;;;;;
161663000;History of being a tissue or organ recipient;situation;;;;;;
161663000;History of being a tissue or organ recipient;situation;;;;;;
161663000;History of being a tissue or organ recipient;situation;;;;;;
161663000;History of being a tissue or organ recipient;situation;;;;;;
161663000;History of being a tissue or organ recipient;situation;;;;;;
161663000;History of being a tissue or organ recipient;situation;;;;;;
161663000;History of being a tissue or organ recipient;situation;;;;;;
161663000;History of being a tissue or organ recipient;situation;;;;;;
161663000;History of being a tissue or organ recipient;situation;;;;;;
161663000;History of being a tissue or organ recipient;situation;;;;;;
73211009;Diabetes mellitus;disorder;;;;;;
363346000;Malignant neoplastic disease;disorder;;;;;;
266918002;Tobacco smoking consumption;observable_entity;;;;;;
49049000;Parkinson's disease;disorder;;;;;;
52448006;Dementia;disorder;;;;;;
24700007;Multiple sclerosis;disorder;;;;;;
257277002;Combined disorder of muscle AND peripheral nerve;disorder;;;;;;
84757009;Epilepsy;disorder;;;;;;
37796009;Migraine;disorder;;;;;;
440140008;History of cerebrovascular accident with residual deficit;situation;;;;;;
429993008;History of cerebrovascular accident without residual deficits;situation;;;;;;
69322001;Psychotic disorder;disorder;;;;;;
35489007;Depressive disorder;disorder;;;;;;
197480006;Anxiety disorder;disorder;;;;;;
128283000;Chronic nervous system disorder;disorder;;;;;;
128283000;Chronic nervous system disorder;disorder;;;;;;
53950000;Respiratory therapy;procedure;;;;;;
709044004;Chronic kidney disease;disorder;;;;;;
709044004;Chronic kidney disease;disorder;;;;;;
443846001;Detail of history of travel;observable_entity;;;;;;
40845000;Gastrointestinal ulcer;disorder;;;;;;
308532005;Influenza vaccination status;finding;;;;;;
310577003;Pneumococcal immunization status;finding;;;;;;
42284007;Administration of vaccine product containing only live attenuated Mycobacterium bovis antigen;procedure;;;;;;
1142178009;Vaccine product containing Severe acute respiratory syndrome coronavirus 2 antigen or Severe acute respiratory syndrome coronavirus 2 messenger ribonucleic acid;medicinal_product;;;;;;
408864009;Vaccination status;observable_entity;;;;;;
408864009;Vaccination status;observable_entity;;;;;;
304251008;Resuscitation status;observable_entity;;;;;;
241540006;Computed tomography of lungs;procedure;;;;;;
303931008;Lung X-ray;procedure;;;;;;
88628008;Ultrasonography of lung;procedure;;;;;;
365853002;Imaging finding;finding;;;;;;
364320009;Pregnancy observable;observable_entity;;;;;;
372148003;Ethnic group;ethnic_group;;;;;;
734000001;Biological sex;qualifier_value;;;;;;
184099003;Date of birth;observable_entity;;;;;;
424144002;Current chronological age;observable_entity;;;;;;
763264000;Canadian Study of Health and Aging Clinical Frailty Scale score;observable_entity;;;;;;
27113001;Body weight;observable_entity;;;;;;
50373000;Body height measure;observable_entity;;;;;;
840546002;Exposure to Severe acute respiratory syndrome coronavirus 2;event;;;;;;
116223007;Complication;disorder;;;;;;
116223007;Complication;disorder;;;;;;
116223007;Complication;disorder;;;;;;
116223007;Complication;disorder;;;;;;
116223007;Complication;disorder;;;;;;
116223007;Complication;disorder;;;;;;
116223007;Complication;disorder;;;;;;
116223007;Complication;disorder;;;;;;
385349001;Clinical stage;observable_entity;;;;;;
55235003;C-reactive protein measurement;procedure;;;;;;
489004;Ferritin measurement;procedure;;;;;;
302787001;Bilirubin measurement;procedure;;;;;;
70648006;D-dimer assay;procedure;;;;;;
69480007;Gamma glutamyl transferase measurement;procedure;;;;;;
45896001;Aspartate aminotransferase measurement;procedure;;;;;;
11274001;Lactate dehydrogenase measurement;procedure;;;;;;
105000003;Troponin measurement;procedure;;;;;;
104142005;Measurement of total hemoglobin concentration in plasma specimen;procedure;;;;;;
70901006;Creatinine measurement;procedure;;;;;;
412830006;Fluid sample lactate measurement;procedure;;;;;;
391558003;Total white blood cell count;procedure;;;;;;
74765001;Lymphocyte count;procedure;;;;;;
30630007;Neutrophil count;procedure;;;;;;
42525009;Partial thromboplastin time, activated;procedure;;;;;;
61928009;Platelet count;procedure;;;;;;
440685005;Calculation of international normalized ratio;procedure;;;;;;
104485008;Albumin measurement, serum;procedure;;;;;;
36288005;Antithrombin III assay;procedure;;;;;;
418752001;Procalcitonin;substance;;;;;;
22766004;Interleukin-6 assay;procedure;;;;;;
414798009;N-terminal pro-B-type natriuretic peptide;substance;;;;;;
250346004;Fibrinogen measurement;procedure;;;;;;
399150003;Polymerase chain reaction test for severe acute respiratory syndrome;procedure;;;;;;
871552002;Detection of Severe acute respiratory syndrome coronavirus 2 antibody;observable_entity;;;;;;
1240461000000109;Measurement of Severe acute respiratory syndrome coronavirus 2 antibody;observable_entity;;;;;;
871552002;Detection of Severe acute respiratory syndrome coronavirus 2 antibody;observable_entity;;;;;;
1240461000000109;Measurement of Severe acute respiratory syndrome coronavirus 2 antibody;observable_entity;;;;;;
871552002;Detection of Severe acute respiratory syndrome coronavirus 2 antibody;observable_entity;;;;;;
1240461000000109;Measurement of Severe acute respiratory syndrome coronavirus 2 antibody;observable_entity;;;;;;
871552002;Detection of Severe acute respiratory syndrome coronavirus 2 antibody;observable_entity;;;;;;
1240461000000109;Measurement of Severe acute respiratory syndrome coronavirus 2 antibody;observable_entity;;;;;;
709541000;Administration of antipyretic;procedure;;;;;;
768759001;Product containing steroid;product;;;;;;
413591007;Product containing atazanavir;medicinal_product;;;;;;
424096001;Product containing darunavir;medicinal_product;;;;;;
14728000;Product containing chloroquine;medicinal_product;;;;;;
83490000;Product containing hydroxychloroquine;medicinal_product;;;;;;
96138006;Product containing ivermectin;medicinal_product;;;;;;
134573001;Product containing lopinavir and ritonavir;medicinal_product;;;;;;
78025001;Product containing ganciclovir;medicinal_product;;;;;;
386142008;Product containing oseltamivir;medicinal_product;;;;;;
870518005;Product containing remdesivir;medicinal_product;;;;;;
35063004;Product containing ribavirin;medicinal_product;;;;;;
414500009;Substance with serine protease inhibitor mechanism of action;substance;;;;;;
770396008;Product containing pyrazine;product;;;;;;
84879009;Human plasma, blood product;product;;;;;;
768759001;Product containing steroid;product;;;;;;
768759001;Product containing steroid;product;;;;;;
444649004;Product containing tocilizumab;medicinal_product;;;;;;
763522001;Product containing sarilumab;medicinal_product;;;;;;
416587008;Product containing calcineurin inhibitor;product;;;;;;
416897008;Product containing tumor necrosis factor alpha inhibitor;product;;;;;;
430817009;Product containing interleukin 1 receptor antagonist;product;;;;;;
703779004;Product containing ruxolitinib;medicinal_product;;;;;;
73133000;Product containing colchicine;medicinal_product;;;;;;
768865007;Product containing interferon;product;;;;;;
88519001;Product containing calcifediol;medicinal_product;;;;;;
764877006;Product containing zinc;medicinal_product;;;;;;
18629005;Administration of drug or medicament;procedure;;;;;;
41549009;Product containing angiotensin-converting enzyme inhibitor;product;;;;;;
112133008;Immunoglobulin;substance;;;;;;
372877000;Heparin;substance;;;;;;
87233003;Product containing low molecular weight heparin;product;;;;;;
398738008;Product containing argatroban;medicinal_product;;;;;;
773388004;Product containing platelet aggregation inhibitor;product;;;;;;
108992003;Product containing danaparoid;medicinal_product;;;;;;
59488002;Phenprocoumon;substance;;;;;;
372636002;Direct acting anticoagulant;substance;;;;;;
372862008;Anticoagulant;substance;;;;;;
444932008;Dependence on ventilator;finding;;;;;;
58000006;Patient discharge;procedure;;;;;;
871556004;Detection of ribonucleic acid of Severe acute respiratory syndrome coronavirus 2 in nasopharyngeal swab;observable_entity;;;;;;
8319008;Principal diagnosis;qualifier_value;;;;;;
309370004;Consent status;finding;;;;;;
"36955009
";Loss of taste;finding;;;;;;
21522001;Abdominal pain;finding;;;;;;
40917007;Clouded consciousness;finding;;;;;;
62315008;Diarrhea;finding;;;;;;
422400008;Vomiting;disorder;;;;;;
49727002;Cough;finding;;;;;;
267036007;Dyspnea;finding;;;;;;
422587007;Nausea;finding;;;;;;
426000000;Fever greater than 100.4 Fahrenheit / 38 Celsius;finding;;;;;;
25064002;Headache;finding;;;;;;
418799008;Finding reported by subject or history provider;finding;;;;;;
162465004;Symptom severity;finding;;;;;;
108241001;Dialysis procedure;procedure;;;;;;
127788007;Apheresis;procedure;;;;;;
431182000;Placing subject in prone position;procedure;;;;;;
233573008;Extracorporeal membrane oxygenation;procedure;;;;;;
309904001;Intensive care unit;environment;;;;;;
404989005;Ventilation status;observable_entity;;;;;;
404989005;Ventilation status;observable_entity;;;;;;
404989005;Ventilation status;observable_entity;;;;;;
404989005;Ventilation status;observable_entity;;;;;;
404989005;Ventilation status;observable_entity;;;;;;
404989005;Ventilation status;observable_entity;;;;;;
167028004;Measurement of arterial partial pressure of carbon dioxide;procedure;;;;;;
25579001;Oxygen measurement, partial pressure, arterial;procedure;;;;;;
250774007;Inspired oxygen concentration;observable_entity;;;;;;
27327002;Hydrogen ion concentration;observable_entity;;;;;;
425795004;Multiple organ dysfunction score;observable_entity;;;;;;
86290005;Respiratory rate;observable_entity;;;;;;
271650006;Diastolic blood pressure;observable_entity;;;;;;
271649006;Systolic blood pressure;observable_entity;;;;;;
364075005;Heart rate;observable_entity;;;;;;
386725007;Body temperature;observable_entity;;;;;;
431314004;Peripheral oxygen saturation;observable_entity;;;;;;
